JavaScript File,Type,CDN URL,URL Status
../chartaccent/assets/js/component.bundle.js
./app.js
./js/ai.js
external/azure-storage.table.min.js
external/common.js
external/d3.slider.js
external/data.min.js
external/dx.custom.js
external/ejs1/external/jquery-3.2.1.min.js
external/ejs1/external/jsrender.min.js
external/ejs1/scripts/common/ej.core.min.js
external/ejs1/scripts/common/ej.data.min.js
external/ejs1/scripts/common/ej.draggable.min.js
external/ejs1/scripts/common/ej.scroller.min.js
external/ejs1/scripts/common/ej.touch.min.js
external/ejs1/scripts/datavisualization/ej.diagram.min.js
external/ejs1/scripts/web/ej.menu.min.js
external/funnel.min.js
external/globalize.culture.en-US.js
external/globalize.min.js
external/hashtable.js
external/highcharts-3d.min.js
external/highcharts-editor.min.js
external/highcharts-editor.with.modules.min.js
external/highcharts-more.min.js
external/highstock.min.js
external/jquery-3.2.1.min.js
external/jquery.min.js
external/jsrsasign-latest-all-min.js
external/series-label.min.js
external/solid-gauge.min.js
external/wangEditor/wangEditor.js
external/watermark.js
node_modules/bootstrap/dist/js/bootstrap.bundle.min.js
node_modules/codemirror/addon/dialog/dialog.js
node_modules/codemirror/addon/lint/javascript-lint.js
node_modules/codemirror/addon/lint/jshint.min.js
node_modules/codemirror/addon/lint/json-lint.js
node_modules/codemirror/addon/lint/lint.js
node_modules/codemirror/addon/search/search.js
node_modules/codemirror/addon/search/searchcursor.js
node_modules/codemirror/lib/codemirror.js
node_modules/codemirror/mode/css/css.js
node_modules/codemirror/mode/javascript/javascript.js
node_modules/d3-hexbin/build/d3-hexbin.min.js
node_modules/d3-path/dist/d3-path.min.js
node_modules/d3-shape/dist/d3-shape.min.js
node_modules/d3/build/d3.min.js
node_modules/d3/d3.js
node_modules/d3/d3.min.js
node_modules/dompurify/dist/purify.min.js
node_modules/echarts/map/echarts_color.min.js
node_modules/echarts/map/minjs/anhui.js
node_modules/echarts/map/minjs/aomen.js
node_modules/echarts/map/minjs/beijing.js
node_modules/echarts/map/minjs/china.js
node_modules/echarts/map/minjs/chongqing.js
node_modules/echarts/map/minjs/echarts.flow.min.js
node_modules/echarts/map/minjs/echarts.heat.min.js
node_modules/echarts/map/minjs/echarts.scatter.min.js
node_modules/echarts/map/minjs/fujian.js
node_modules/echarts/map/minjs/gansu.js
node_modules/echarts/map/minjs/guangdong.js
node_modules/echarts/map/minjs/guangxi.js
node_modules/echarts/map/minjs/guizhou.js
node_modules/echarts/map/minjs/hainan.js
node_modules/echarts/map/minjs/hebei.js
node_modules/echarts/map/minjs/heilongjiang.js
node_modules/echarts/map/minjs/henan.js
node_modules/echarts/map/minjs/hubei.js
node_modules/echarts/map/minjs/hunan.js
node_modules/echarts/map/minjs/jiangsu.js
node_modules/echarts/map/minjs/jiangxi.js
node_modules/echarts/map/minjs/jilin.js
node_modules/echarts/map/minjs/liaoning.js
node_modules/echarts/map/minjs/neimenggu.js
node_modules/echarts/map/minjs/ningxia.js
node_modules/echarts/map/minjs/qinghai.js
node_modules/echarts/map/minjs/shaanxi.js
node_modules/echarts/map/minjs/shandong.js
node_modules/echarts/map/minjs/shanghai.js
node_modules/echarts/map/minjs/shanxi.js
node_modules/echarts/map/minjs/sichuan.js
node_modules/echarts/map/minjs/taiwan.js
node_modules/echarts/map/minjs/tianjin.js
node_modules/echarts/map/minjs/xianggang.js
node_modules/echarts/map/minjs/xinjiang.js
node_modules/echarts/map/minjs/xizang.js
node_modules/echarts/map/minjs/yunnan.js
node_modules/echarts/map/minjs/zhejiang.js
node_modules/globalize/lib/cultures/globalize.culture.en-US.js
node_modules/globalize/lib/cultures/globalize.cultures.js
node_modules/globalize/lib/globalize.js
node_modules/index.min.js
node_modules/jquery/dist/jquery.js
node_modules/jquery/dist/jquery.min.js
node_modules/jquery/dist/jquery.slim.min.js
node_modules/jsonlint/lib/jsonlint.js
node_modules/lodash/lodash.js
node_modules/lodash/lodash.min.js
node_modules/maq-visuals-legend-chartutils/lib/index.js
node_modules/moment/min/moment.min.js
node_modules/numeral/min/numeral.min.js
node_modules/nvd3/build/nv.d3.min.js
node_modules/powerbi-models/dist/models.js
node_modules/powerbi-visuals-utils-chartutils/lib/index.js
node_modules/powerbi-visuals-utils-colorutils/lib/index.js
node_modules/powerbi-visuals-utils-dataviewutils/lib/index.js
node_modules/powerbi-visuals-utils-formattingutils/lib/index.js
node_modules/powerbi-visuals-utils-interactivityutils/lib/index.js
node_modules/powerbi-visuals-utils-svgutils/lib/index.js
node_modules/powerbi-visuals-utils-tooltiputils/lib/index.js
node_modules/powerbi-visuals-utils-typeutils/lib/index.js
node_modules/topojson/dist/topojson.min.js
node_modules/uglify-js/lib/uglify-js.js
src/chroma.min.js
src/core-1.0-min.js
src/d3-min.js
src/helper/custom/ag-grid-enterprise.js
src/helper/custom/bootstrap.js
src/helper/custom/jquery-ui.min.js
src/helper/custom/jquery.min.js
src/helper/custom/jquery.sparkline.js
src/helper/custom/spectrum.js
src/helper/custom/visual.js
src/helper/custom/vitara-ag-grid-helper.js
src/helper/custom/vitara-ag-grid-trendline.js
src/helper/custom/vitara-ag-grid.js
src/init.js
src/jQueryAdpater.js
src/jquery.min.js
src/jquery/jq-touch.js
src/jquery/jquery-2.2.3.min.js
src/jquery/jquery-ui.min.js
src/jszip.min.js
src/lodash/lodash-full.js
src/o1.js
src/polylabel.js
src/purifyAdapter.js
src/radar-chart-min.js
src/snap.svg-min.js
src/util-min.js
src/vega-2.6.5-min.js
src/vega-lite.min.js
src/vega-min.js
src/watermark.js
src/zTree/js/jquery.min.js
src/zTree/js/jquery.ztree.core.js
src/zTree/js/jquery.ztree.excheck.js
